{"Trainig Acc": 98.97111111111111, "Traningloss": 0.03083285582265076, "Validation Acc": 23.76, "Validationloss": 7.34136438369751, "_step": 199, "_runtime": 6934, "_timestamp": 1611801863}