{"Trainig Acc": 77.74277777777779, "Traning loss": 0.7228245105255734, "Validation Acc": 22.919999999999998, "Validation loss": 3.6868642270565033, "_step": 199, "_runtime": 33378, "_timestamp": 1611599776}