{"Trainig Acc": 91.69407407407407, "Traningloss": 0.2121404783348694, "Validation Acc": 7.6466666666666665, "Validationloss": 8.228616714477539, "_step": 199, "_runtime": 17587, "_timestamp": 1612621412}