{"Trainig Acc": 25.256666666666668, "Traningloss": 3.900362643667243, "Validation Acc": 5.375, "Validationloss": 6.0275012969970705, "_step": 158, "_runtime": 46449, "_timestamp": 1611373977}