{"Trainig Acc": 97.78750000000001, "Traningloss": 0.06161343124784102, "Validation Acc": 31.759999999999998, "Validationloss": 9.980198526382447, "_step": 199, "_runtime": 5849, "_timestamp": 1611935036}