{"Trainig Acc": 24.922631578947367, "Traningloss": 3.9084752981911604, "Validation Acc": 6.0, "Validationloss": 5.670470333099365, "_step": 87, "_runtime": 27574, "_timestamp": 1611299454}