{"Trainig Acc": 83.88037037037037, "Traningloss": 2.5094267719594594, "_step": 1308, "_runtime": 37846, "_timestamp": 1614415803, "Validation Acc 0": 13.719999999999999, "Validation Loss 0": 22.612676525115965, "Validation Acc 1": 57.879999999999995, "Validation Loss 1": 7.074526619911194, "Validation Acc 2": 68.0, "Validation Loss 2": 6.914258646965027, "Validation Acc 3": 62.580000000000005, "Validation Loss 3": 7.191664278507233, "Validation Acc 4": 65.74, "Validation Loss 4": 7.374491047859192, "Validation Acc 5": 63.32, "Validation Loss 5": 7.591137886047363}