{"Trainig Acc": 81.0075, "Traningloss": 0.4804835995291449, "Validation Acc": 91.12, "Validationloss": 0.25406729280948637, "_step": 199, "_runtime": 2540, "_timestamp": 1611996428}