{"Trainig Acc": 81.10185185185185, "Traningloss": 2.9850598113526674, "_step": 699, "_runtime": 11885, "_timestamp": 1614262104, "Validation Acc 0": 40.32, "Validation Loss 0": 3.3225253224372864, "Validation Acc 1": 87.44, "Validation Loss 1": 0.3408383458852768, "Validation Acc 2": 90.8, "Validation Loss 2": 0.23995176404714585, "Validation Acc 3": 91.32000000000001, "Validation Loss 3": 0.2216454975306988, "Validation Acc 4": 90.88000000000001, "Validation Loss 4": 0.22165688574314119, "Validation Acc 5": 90.94, "Validation Loss 5": 0.22642446905374528}