{"Training loss": -1031.7501233810497, "Validation loss": -1121.9181611659162, "_step": 0, "_runtime": 1144, "_timestamp": 1611681006}