{"Training loss": 0.6263210589851813, "Validation loss": 0.6289994524697126, "_step": 199, "_runtime": 60016, "_timestamp": 1612060222}