{"Trainig Acc": 49.46888888888889, "Traningloss": 2.3422853086482394, "Validation Acc": 4.58, "Validationloss": 7.5163651466369625, "_step": 49, "_runtime": 1781, "_timestamp": 1611823952}