{"Trainig Acc": 85.565, "Traningloss": 0.3731207767869257, "Validation Acc": 64.03, "Validationloss": 1.3022038698196412, "_step": 199, "_runtime": 5864, "_timestamp": 1611917512}