{"Trainig Acc": 80.74333333333334, "Traningloss": 2.985550979067656, "_step": 699, "_runtime": 28688, "_timestamp": 1614372494, "Validation Acc 0": 22.6, "Validation Loss 0": 7.064200162887573, "Validation Acc 1": 69.12, "Validation Loss 1": 0.8980088979005814, "Validation Acc 2": 73.1, "Validation Loss 2": 0.7865322381258011, "Validation Acc 3": 76.53999999999999, "Validation Loss 3": 0.5923306792974472, "Validation Acc 4": 76.12, "Validation Loss 4": 0.5526661410927772, "Validation Acc 5": 78.24, "Validation Loss 5": 0.5030568987131119}