{"Trainig Acc": 50.08979591836735, "Traningloss": 2.2865945293760177, "Validation Acc": 3.1, "Validationloss": 8.586519956588745, "_step": 160, "_runtime": 27609, "_timestamp": 1611269754}