{"Trainig Acc": 92.38250000000001, "Traningloss": 0.19918832306269627, "Validation Acc": 37.580000000000005, "Validationloss": 5.0184015274047855, "_step": 125, "_runtime": 3767, "_timestamp": 1611929143}