{"Training loss": -658.7537280005866, "Validation loss": -733.4249422752251, "_step": 0, "_runtime": 1148, "_timestamp": 1611678627}