{"Trainig Acc": 100.0, "Traning loss": 0.0061104260484113335, "Validation Acc": 43.45, "Validation loss": 2.5657964944839478, "_step": 171, "_runtime": 24009, "_timestamp": 1611450375}