{"Trainig Acc": 38.975, "Traningloss": 1.615810044252189, "Validation Acc": 50.51, "Validationloss": 1.3455695450305938, "_step": 31, "_runtime": 528, "_timestamp": 1612572633}