{"Trainig Acc": 97.465, "Traningloss": 0.06667892389284198, "Validation Acc": 1.4200000000000002, "Validationloss": 11.004373359680176, "_step": 100, "_runtime": 2636, "_timestamp": 1612570329}