{"Training loss": 0.6258852176756655, "Validation loss": 0.6285912899647729, "_step": 199, "_runtime": 59695, "_timestamp": 1611743394}