{"Trainig Acc": 1.952777777777778, "Traning loss": 5.164029492021172, "Validation Acc": 1.55, "Validation loss": 5.185619155565898, "_step": 20, "_runtime": 34874, "_timestamp": 1611487047}