{"Trainig Acc": 27.826944444444447, "Traning loss": 2.150378104299307, "Validation Acc": 15.3675, "Validation loss": 3.3735299587249754, "_step": 199, "_runtime": 33638, "_timestamp": 1611557780}