{"Trainig Acc": 92.33749999999999, "Traningloss": 0.2004241608795087, "Validation Acc": 47.07, "Validationloss": 3.7811081767082215, "_step": 199, "_runtime": 5866, "_timestamp": 1611923689}