{"Trainig Acc": 45.30222222222222, "Traningloss": 2.64087622883645, "Validation Acc": 11.92, "Validationloss": 7.093492603302002, "_step": 199, "_runtime": 6753, "_timestamp": 1611830728}