{"Trainig Acc": 98.85510204081632, "Traningloss": 0.03344271812003164, "Validation Acc": 22.400000000000002, "Validationloss": 7.778615951538086, "_step": 162, "_runtime": 26840, "_timestamp": 1611269804}