{"Trainig Acc": 94.255, "Traningloss": 0.1499333521410538, "Validation Acc": 0.9900000000000001, "Validationloss": 9.788718318939209, "_step": 45, "_runtime": 1280, "_timestamp": 1612572051}