{"Trainig Acc": 47.04888888888889, "Traningloss": 2.469214606352828, "Validation Acc": 29.299999999999997, "Validationloss": 3.899773728847504, "_step": 99, "_runtime": 8079, "_timestamp": 1611403461}