{"Trainig Acc": 84.5325, "Traningloss": 0.3959994598938401, "Validation Acc": 92.47999999999999, "Validationloss": 0.2153161123394966, "_step": 199, "_runtime": 2555, "_timestamp": 1612218251}