{"Trainig Acc": 88.41250000000001, "Traningloss": 0.29381488909007636, "Validation Acc": 37.76, "Validationloss": 4.472423231601715, "_step": 199, "_runtime": 5923, "_timestamp": 1611986838}