{"Trainig Acc": 87.4825, "Traningloss": 0.31754056112781454, "Validation Acc": 39.39, "Validationloss": 4.5353646039962765, "_step": 199, "_runtime": 5915, "_timestamp": 1611953076}