{"Trainig Acc": 74.17555555555555, "Traningloss": 0.6956652633168481, "Validation Acc": 44.800000000000004, "Validationloss": 2.049609124660492, "_step": 199, "_runtime": 6102, "_timestamp": 1611838220}