{"Trainig Acc": 94.5725, "Traningloss": 0.1537013489753008, "Validation Acc": 0.58, "Validationloss": 17.816891193389893, "_step": 35, "_runtime": 13865, "_timestamp": 1612558486}