{"Trainig Acc": 80.76037037037037, "Traningloss": 2.9302964859472755, "_step": 881, "_runtime": 50713, "_timestamp": 1614467461, "Validation Acc 0": 21.6, "Validation Loss 0": 5.4522032022476195, "Validation Acc 1": 54.94, "Validation Loss 1": 1.5892064213752746, "Validation Acc 2": 60.540000000000006, "Validation Loss 2": 1.464904397726059, "Validation Acc 3": 62.019999999999996, "Validation Loss 3": 1.3812220692634583, "Validation Acc 4": 62.44, "Validation Loss 4": 1.4044354677200317, "Validation Acc 5": 60.24, "Validation Loss 5": 1.502299976348877}