{"Trainig Acc": 15.518888888888888, "Traning loss": 3.2122944247993557, "Validation Acc": 3.9699999999999998, "Validation loss": 4.702513289451599, "_step": 103, "_runtime": 8826, "_timestamp": 1611524020}