{"Trainig Acc": 17.119999999999997, "Traningloss": 2.618948189316282, "Validation Acc": 24.605, "Validationloss": 2.3557395815849302, "_step": 199, "_runtime": 2399, "_timestamp": 1612207104}