{"Trainig Acc": 81.72749999999999, "Traningloss": 0.4643449794714618, "Validation Acc": 54.59, "Validationloss": 1.7933431208133697, "_step": 199, "_runtime": 5936, "_timestamp": 1612097826}