{"Trainig Acc": 65.62222222222222, "Traningloss": 0.8547732936726375, "Validation Acc": 2.19, "Validationloss": 8.85099196434021, "_step": 35, "_runtime": 6328, "_timestamp": 1612542321}