{"Trainig Acc": 90.82037037037037, "Traningloss": 1.4534510651508092, "_step": 244, "_runtime": 5791, "_timestamp": 1614247530, "Validation Acc 0": 0.45999999999999996, "Validation Loss 0": 6.722644543647766, "Validation Acc 1": 0.58, "Validation Loss 1": 6.5587975025177006, "Validation Acc 2": 0.8, "Validation Loss 2": 6.54945125579834, "Validation Acc 3": 0.86, "Validation Loss 3": 6.510228300094605, "Validation Acc 4": 0.84, "Validation Loss 4": 6.436931395530701, "Validation Acc 5": 1.18, "Validation Loss 5": 6.463914179801941}