{"Trainig Acc": 95.72749999999999, "Traningloss": 0.11597868604175747, "Validation Acc": 2.35, "Validationloss": 6.8985320925712585, "_step": 50, "_runtime": 8656, "_timestamp": 1612567501}