{"Trainig Acc": 9.783333333333333, "Traning loss": 3.810087000589235, "Validation Acc": 2.375, "Validation loss": 4.714160641034444, "_step": 99, "_runtime": 25571, "_timestamp": 1611515063}