{"Trainig Acc": 86.27, "Traningloss": 0.35088927294038663, "Validation Acc": 91.86999999999999, "Validationloss": 0.20335813388228416, "_step": 199, "_runtime": 2551, "_timestamp": 1611999807}