{"Trainig Acc": 85.4025, "Traningloss": 0.3673117094358821, "Validation Acc": 43.309999999999995, "Validationloss": 3.537808132171631, "_step": 199, "_runtime": 5926, "_timestamp": 1611979956}