{"Trainig Acc": 100.0, "Traning loss": 0.00013125563475488295, "Validation Acc": 4.6, "Validation loss": 11.343581318855286, "_step": 152, "_runtime": 21333, "_timestamp": 1611425513}