{"Trainig Acc": 85.5875, "Traningloss": 0.3678270568893214, "Validation Acc": 46.18, "Validationloss": 2.452306532859802, "_step": 199, "_runtime": 5947, "_timestamp": 1612107880}