{"Trainig Acc": 99.97333333333333, "Traning loss": 0.007118204751432958, "Validation Acc": 79.22, "Validation loss": 0.9494299054145813, "_step": 284, "_runtime": 20890, "_timestamp": 1611395340}