{"Trainig Acc": 16.90875, "Traningloss": 2.5911394131334524, "Validation Acc": 0.88, "Validationloss": 8.033669185638427, "_step": 28, "_runtime": 908, "_timestamp": 1612215657}