{"Training loss": 0.626330232959223, "Validation loss": 0.6349173764051017, "_step": 20, "_runtime": 7040, "_timestamp": 1612091671}