{"Training loss": 0.6248602135486513, "Validation loss": 0.6309242278842603, "_step": 199, "_runtime": 59986, "_timestamp": 1612181368}