{"Trainig Acc": 97.13000000000001, "Traningloss": 0.08146988752093166, "Validation Acc": 2.56, "Validationloss": 13.453753398943551, "_step": 74, "_runtime": 27533, "_timestamp": 1612601199}