{"Trainig Acc": 81.95037037037038, "Traningloss": 2.776699035005136, "_step": 706, "_runtime": 29182, "_timestamp": 1614298254, "Validation Acc 0": 14.499999999999998, "Validation Loss 0": 9.063065385818481, "Validation Acc 1": 62.62, "Validation Loss 1": 1.369205504655838, "Validation Acc 2": 65.3, "Validation Loss 2": 1.3668529331684112, "Validation Acc 3": 70.67999999999999, "Validation Loss 3": 0.93308627307415, "Validation Acc 4": 71.44, "Validation Loss 4": 0.8736807227134704, "Validation Acc 5": 72.74000000000001, "Validation Loss 5": 0.7285968571901321}