{"Trainig Acc": 12.945, "Traningloss": 2.9408770716114407, "Validation Acc": 12.559999999999999, "Validationloss": 3.5588128328323365, "_step": 87, "_runtime": 2616, "_timestamp": 1612204642}