{"Trainig Acc": 76.48, "Traningloss": 0.6476338262770586, "Validation Acc": 45.97, "Validationloss": 2.0352128088474273, "_step": 199, "_runtime": 5872, "_timestamp": 1611844344}